{"sections":{"image-with-text":{"type":"image-with-text","blocks":{"heading":{"type":"heading","settings":{"heading":"<strong>Start your Hair care Journey with us ♡<\/strong>","heading_size":"h1"}},"button":{"type":"button","settings":{"button_label":"Shop now","button_link":"shopify:\/\/collections\/all","button_style_secondary":false}}},"block_order":["heading","button"],"settings":{"image":"shopify:\/\/shop_images\/hair-care-167697.jpg","height":"adapt","desktop_image_width":"medium","layout":"text_first","image_behavior":"none","content_layout":"overlap","desktop_content_position":"middle","desktop_content_alignment":"left","mobile_content_alignment":"left","section_color_scheme":"scheme-1","color_scheme":"scheme-1e7d3a30-679a-4340-894d-3d03061c8dbf","padding_top":0,"padding_bottom":0}},"featured-collection":{"type":"featured-collection","settings":{"collection":"all","products_to_show":4,"title":"Featured products","heading_size":"h2","description":"","show_description":false,"description_style":"body","columns_desktop":4,"enable_desktop_slider":false,"full_width":false,"show_view_all":false,"view_all_style":"solid","color_scheme":"scheme-1","image_ratio":"square","image_shape":"default","show_secondary_image":true,"show_vendor":false,"show_rating":false,"quick_add":"none","columns_mobile":"2","swipe_on_mobile":true,"padding_top":56,"padding_bottom":68}}},"order":["image-with-text","featured-collection"]}