{"name":"t:sections.footer.name","type":"footer","sections":{"newsletter":{"type":"newsletter","blocks":{"heading":{"type":"heading","settings":{"heading":"<strong>Subscribe to our emails ♡<\/strong>","heading_size":"h1"}},"paragraph":{"type":"paragraph","settings":{"text":"<p>Join our email list for exclusive offers and the latest news. <\/p>"}},"email-form":{"type":"email_form","settings":{}}},"block_order":["heading","paragraph","email-form"],"settings":{"color_scheme":"scheme-1e7d3a30-679a-4340-894d-3d03061c8dbf","full_width":true,"padding_top":44,"padding_bottom":8}},"footer":{"type":"footer","settings":{"color_scheme":"scheme-1e7d3a30-679a-4340-894d-3d03061c8dbf","newsletter_enable":false,"newsletter_heading":"Subscribe to our emails","enable_follow_on_shop":true,"show_social":true,"enable_country_selector":true,"enable_language_selector":true,"payment_enable":false,"show_policy":true,"margin_top":0,"padding_top":44,"padding_bottom":48}}},"order":["newsletter","footer"]}